<?xml version="1.0" encoding="UTF-8"?>
<LightningComponentBundle xmlns="http://soap.sforce.com/2006/04/metadata">
    <apiVersion>55.0</apiVersion>
    <isExposed>true</isExposed>
    <masterLabel>Flame Level</masterLabel>
    <targets>
        <target>lightning__RecordPage</target>
    </targets>
    <targetConfigs>
        <targetConfig targets="lightning__RecordPage">
            <objects>
                <object>Opportunity</object>
            </objects>
            <property name="size" type="String" label="Size" default="medium" datasource="xsmall,small,medium,large,xlarge,xxlarge" />
            <property name="numberOfStars" label="Number Of Flames" type="Integer" min="0" max="15" default="5" />                     
            <property name="readOnlyStar" type="Boolean" label="Read only" default="false" />
            <property name="disabled" type="Boolean" label="Disable" default="false" />
            <supportedFormFactors>
                <supportedFormFactor type="Small" />
                <supportedFormFactor type="Large" />
            </supportedFormFactors>
        </targetConfig>
        </targetConfigs>
</LightningComponentBundle>